350.0,9.919000e-01
351.0,1.055800e+00
352.0,9.317000e-01
353.0,9.929000e-01
354.0,1.124000e+00
355.0,1.095500e+00
356.0,9.978500e-01
357.0,9.142500e-01
358.0,7.589500e-01
359.0,8.815500e-01
360.0,1.057300e+00
361.0,9.361500e-01
362.0,1.034350e+00
363.0,1.066350e+00
364.0,9.863500e-01
365.0,1.139000e+00
366.0,1.256000e+00
367.0,1.231500e+00
368.0,1.151000e+00
369.0,1.209500e+00
370.0,1.203000e+00
371.0,1.191000e+00
372.0,1.186000e+00
373.0,9.514000e-01
374.0,8.578000e-01
375.0,1.009400e+00
376.0,1.121000e+00
377.0,1.196000e+00
378.0,1.316000e+00
379.0,1.170300e+00
380.0,1.144300e+00
381.0,1.192500e+00
382.0,9.145000e-01
383.0,7.085000e-01
384.0,8.555000e-01
385.0,9.903500e-01
386.0,1.012350e+00
387.0,1.018300e+00
388.0,9.386500e-01
389.0,1.069350e+00
390.0,1.225000e+00
391.0,1.310500e+00
392.0,1.176350e+00
393.0,7.220000e-01
394.0,7.951500e-01
395.0,1.239500e+00
396.0,1.014050e+00
397.0,8.450500e-01
398.0,1.289000e+00
399.0,1.596500e+00
400.0,1.652000e+00
401.0,1.722500e+00
402.0,1.799500e+00
403.0,1.730500e+00
404.0,1.630000e+00
405.0,1.637000e+00
406.0,1.648000e+00
407.0,1.584500e+00
408.0,1.684500e+00
409.0,1.765000e+00
410.0,1.604000e+00
411.0,1.660500e+00
412.0,1.805000e+00
413.0,1.774500e+00
414.0,1.748500e+00
415.0,1.737500e+00
416.0,1.790000e+00
417.0,1.755500e+00
418.0,1.676500e+00
419.0,1.694500e+00
420.0,1.731500e+00
421.0,1.779500e+00
422.0,1.691500e+00
423.0,1.648500e+00
424.0,1.741500e+00
425.0,1.733500e+00
426.0,1.698500e+00
427.0,1.635500e+00
428.0,1.580000e+00
429.0,1.533000e+00
430.0,1.306500e+00
431.0,1.412000e+00
432.0,1.668000e+00
433.0,1.690500e+00
434.0,1.702500e+00
435.0,1.698500e+00
436.0,1.828000e+00
437.0,1.869500e+00
438.0,1.688500e+00
439.0,1.698000e+00
440.0,1.771000e+00
441.0,1.824000e+00
442.0,1.957500e+00
443.0,1.946500e+00
444.0,1.943000e+00
445.0,1.899000e+00
446.0,1.858000e+00
447.0,1.986000e+00
448.0,2.027000e+00
449.0,2.002000e+00
450.0,2.087500e+00
451.0,2.128500e+00
452.0,2.027000e+00
453.0,1.957500e+00
454.0,1.976500e+00
455.0,2.008500e+00
456.0,2.057500e+00
457.0,2.090500e+00
458.0,2.037500e+00
459.0,1.992000e+00
460.0,2.026500e+00
461.0,2.049500e+00
462.0,2.081500e+00
463.0,2.074000e+00
464.0,2.010000e+00
465.0,2.011000e+00
466.0,1.983500e+00
467.0,1.970000e+00
468.0,2.006500e+00
469.0,1.994000e+00
470.0,1.935500e+00
471.0,1.949500e+00
472.0,2.031500e+00
473.0,2.018000e+00
474.0,2.023000e+00
475.0,2.035500e+00
476.0,1.988000e+00
477.0,2.017500e+00
478.0,2.044000e+00
479.0,2.044500e+00
480.0,2.057500e+00
481.0,2.064500e+00
482.0,2.058500e+00
483.0,2.023000e+00
484.0,1.996000e+00
485.0,1.901500e+00
486.0,1.729500e+00
487.0,1.729500e+00
488.0,1.874000e+00
489.0,1.939000e+00
490.0,1.985500e+00
491.0,1.953500e+00
492.0,1.898000e+00
493.0,1.894000e+00
494.0,1.975000e+00
495.0,1.994000e+00
496.0,1.973500e+00
497.0,2.019500e+00
498.0,1.944000e+00
499.0,1.920000e+00
500.0,1.915500e+00
501.0,1.836500e+00
502.0,1.855000e+00
503.0,1.916000e+00
504.0,1.903500e+00
505.0,1.933000e+00
506.0,1.979000e+00
507.0,1.935500e+00
508.0,1.914500e+00
509.0,1.919500e+00
510.0,1.933500e+00
511.0,1.974000e+00
512.0,1.934000e+00
513.0,1.866000e+00
514.0,1.869500e+00
515.0,1.889000e+00
516.0,1.786500e+00
517.0,1.699500e+00
518.0,1.692000e+00
519.0,1.743000e+00
520.0,1.831500e+00
521.0,1.870500e+00
522.0,1.866500e+00
523.0,1.860500e+00
524.0,1.928000e+00
525.0,1.946000e+00
526.0,1.804000e+00
527.0,1.753000e+00
528.0,1.864500e+00
529.0,1.909500e+00
530.0,1.937000e+00
531.0,1.959500e+00
532.0,1.869000e+00
533.0,1.849000e+00
534.0,1.892500e+00
535.0,1.926000e+00
536.0,1.932500e+00
537.0,1.878500e+00
538.0,1.895000e+00
539.0,1.870000e+00
540.0,1.803000e+00
541.0,1.827500e+00
542.0,1.855000e+00
543.0,1.854000e+00
544.0,1.881000e+00
545.0,1.892000e+00
546.0,1.892000e+00
547.0,1.858000e+00
548.0,1.850000e+00
549.0,1.881000e+00
550.0,1.880500e+00
551.0,1.868500e+00
552.0,1.860500e+00
553.0,1.866000e+00
554.0,1.892000e+00
555.0,1.899500e+00
556.0,1.861000e+00
557.0,1.835500e+00
558.0,1.818500e+00
559.0,1.799500e+00
560.0,1.827500e+00
561.0,1.835500e+00
562.0,1.839000e+00
563.0,1.857500e+00
564.0,1.859500e+00
565.0,1.828000e+00
566.0,1.815500e+00
567.0,1.860000e+00
568.0,1.850500e+00
569.0,1.837000e+00
570.0,1.817000e+00
571.0,1.798500e+00
572.0,1.859500e+00
573.0,1.886000e+00
574.0,1.873500e+00
575.0,1.850500e+00
576.0,1.840000e+00
577.0,1.853500e+00
578.0,1.822500e+00
579.0,1.808000e+00
580.0,1.835000e+00
581.0,1.847500e+00
582.0,1.865000e+00
583.0,1.867000e+00
584.0,1.860500e+00
585.0,1.824000e+00
586.0,1.809000e+00
587.0,1.841000e+00
588.0,1.801000e+00
589.0,1.683000e+00
590.0,1.714500e+00
591.0,1.802000e+00
592.0,1.799500e+00
593.0,1.804000e+00
594.0,1.787000e+00
595.0,1.780500e+00
596.0,1.796000e+00
597.0,1.795000e+00
598.0,1.771500e+00
599.0,1.768500e+00
600.0,1.762500e+00
601.0,1.750500e+00
602.0,1.737000e+00
603.0,1.755000e+00
604.0,1.784000e+00
605.0,1.772500e+00
606.0,1.764000e+00
607.0,1.761000e+00
608.0,1.752500e+00
609.0,1.745500e+00
610.0,1.725500e+00
611.0,1.726500e+00
612.0,1.727500e+00
613.0,1.696000e+00
614.0,1.700000e+00
615.0,1.715000e+00
616.0,1.663000e+00
617.0,1.660000e+00
618.0,1.717500e+00
619.0,1.717500e+00
620.0,1.722500e+00
621.0,1.714000e+00
622.0,1.703500e+00
623.0,1.691500e+00
624.0,1.663000e+00
625.0,1.646000e+00
626.0,1.666500e+00
627.0,1.699000e+00
628.0,1.699000e+00
629.0,1.689000e+00
630.0,1.666333e+00
631.0,1.641000e+00
632.0,1.647000e+00
633.0,1.653000e+00
634.0,1.655500e+00
635.0,1.658000e+00
636.0,1.657000e+00
637.0,1.656000e+00
638.0,1.654500e+00
639.0,1.653000e+00
640.0,1.634500e+00
641.0,1.616000e+00
642.0,1.619500e+00
643.0,1.623000e+00
644.0,1.626000e+00
645.0,1.629000e+00
646.0,1.617000e+00
647.0,1.605000e+00
648.0,1.582500e+00
649.0,1.560000e+00
650.0,1.584000e+00
651.0,1.608000e+00
652.0,1.604500e+00
653.0,1.601000e+00
654.0,1.567500e+00
655.0,1.534000e+00
656.0,1.460000e+00
657.0,1.386000e+00
658.0,1.468500e+00
659.0,1.551000e+00
660.0,1.562000e+00
661.0,1.573000e+00
662.0,1.565000e+00
663.0,1.557000e+00
664.0,1.559500e+00
665.0,1.562000e+00
666.0,1.549500e+00
667.0,1.537000e+00
668.0,1.542500e+00
669.0,1.548000e+00
670.0,1.533000e+00
671.0,1.518000e+00
672.0,1.520500e+00
673.0,1.523000e+00
674.0,1.517500e+00
675.0,1.512000e+00
676.0,1.511000e+00
677.0,1.510000e+00
678.0,1.505000e+00
679.0,1.500000e+00
680.0,1.497000e+00
681.0,1.494000e+00
682.0,1.487500e+00
683.0,1.481000e+00
684.0,1.469000e+00
685.0,1.457000e+00
686.0,1.463000e+00
687.0,1.469000e+00
688.0,1.466000e+00
689.0,1.463000e+00
690.0,1.456500e+00
691.0,1.450000e+00
692.0,1.450000e+00
693.0,1.450000e+00
694.0,1.444000e+00
695.0,1.438000e+00
696.0,1.428000e+00
697.0,1.418000e+00
698.0,1.422500e+00
699.0,1.427000e+00
700.0,1.407500e+00
701.0,1.388000e+00
702.0,1.389000e+00
703.0,1.390000e+00
704.0,1.403500e+00
705.0,1.417000e+00
706.0,1.409500e+00
707.0,1.402000e+00
708.0,1.394000e+00
709.0,1.386000e+00
710.0,1.386500e+00
711.0,1.387000e+00
712.0,1.381000e+00
713.0,1.375000e+00
714.0,1.371500e+00
715.0,1.368000e+00
716.0,1.361500e+00
717.0,1.355000e+00
718.0,1.342000e+00
719.0,1.329000e+00
720.0,1.330500e+00
721.0,1.332000e+00
722.0,1.340500e+00
723.0,1.349000e+00
724.0,1.350000e+00
725.0,1.351000e+00
726.0,1.349000e+00
727.0,1.347000e+00
728.0,1.333500e+00
729.0,1.320000e+00
730.0,1.323500e+00
731.0,1.327000e+00
732.0,1.323000e+00
733.0,1.319000e+00
734.0,1.314500e+00
735.0,1.310000e+00
736.0,1.309000e+00
737.0,1.308000e+00
738.0,1.293500e+00
739.0,1.279000e+00
740.0,1.269000e+00
741.0,1.259000e+00
742.0,1.273000e+00
743.0,1.287000e+00
744.0,1.283500e+00
745.0,1.280000e+00
746.0,1.282000e+00
747.0,1.284000e+00
748.0,1.277500e+00
749.0,1.271000e+00
750.0,1.267000e+00
751.0,1.263000e+00
752.0,1.261500e+00
753.0,1.260000e+00
754.0,1.258000e+00
755.0,1.256000e+00
756.0,1.252500e+00
757.0,1.249000e+00
758.0,1.245000e+00
759.0,1.241000e+00
760.0,1.239500e+00
761.0,1.238000e+00
762.0,1.240000e+00
763.0,1.242000e+00
764.0,1.232000e+00
765.0,1.222000e+00
766.0,1.204000e+00
767.0,1.186000e+00
768.0,1.195000e+00
769.0,1.204000e+00
770.0,1.204500e+00
771.0,1.205000e+00
772.0,1.207000e+00
773.0,1.209000e+00
774.0,1.199000e+00
775.0,1.189000e+00
776.0,1.193000e+00
777.0,1.197000e+00
778.0,1.192500e+00
779.0,1.188000e+00
780.0,1.188000e+00
781.0,1.188000e+00
782.0,1.182500e+00
783.0,1.177000e+00
784.0,1.179000e+00
785.0,1.181000e+00
786.0,1.179500e+00
787.0,1.178000e+00
788.0,1.176500e+00
789.0,1.175000e+00
790.0,1.167000e+00
791.0,1.159000e+00
792.0,1.151500e+00
793.0,1.144000e+00
794.0,1.139500e+00
795.0,1.135000e+00
796.0,1.144000e+00
797.0,1.153000e+00
798.0,1.144500e+00
799.0,1.136000e+00
800.0,1.139500e+00
801.0,1.143000e+00
802.0,1.136500e+00
803.0,1.130000e+00
804.0,1.123000e+00
805.0,1.116000e+00
806.0,1.118500e+00
807.0,1.121000e+00
808.0,1.108500e+00
809.0,1.096000e+00
810.0,1.105500e+00
811.0,1.115000e+00
812.0,1.115500e+00
813.0,1.116000e+00
814.0,1.112000e+00
815.0,1.108000e+00
816.0,1.106500e+00
817.0,1.105000e+00
818.0,1.085000e+00
819.0,1.065000e+00
820.0,1.073000e+00
821.0,1.081000e+00
822.0,1.077500e+00
823.0,1.074000e+00
824.0,1.075000e+00
825.0,1.076000e+00
826.0,1.076500e+00
827.0,1.077000e+00
828.0,1.075000e+00
829.0,1.073000e+00
830.0,1.071000e+00
831.0,1.069000e+00
832.0,1.051500e+00
833.0,1.034000e+00
834.0,1.043500e+00
835.0,1.053000e+00
836.0,1.052500e+00
837.0,1.052000e+00
838.0,1.047000e+00
839.0,1.042000e+00
840.0,1.043500e+00
841.0,1.045000e+00
842.0,1.036500e+00
843.0,1.028000e+00
844.0,1.030500e+00
845.0,1.033000e+00
846.0,1.029000e+00
847.0,1.025000e+00
848.0,9.978000e-01
849.0,9.706000e-01
850.0,9.868000e-01
851.0,1.003000e+00
852.0,9.878000e-01
853.0,9.726000e-01
854.0,9.247000e-01
855.0,8.768000e-01
856.0,9.439000e-01
857.0,1.011000e+00
858.0,1.003800e+00
859.0,9.966000e-01
860.0,9.966000e-01
861.0,9.966000e-01
862.0,9.976000e-01
863.0,9.986000e-01
864.0,9.841000e-01
865.0,9.696000e-01
866.0,9.247000e-01
867.0,8.798000e-01
868.0,9.232000e-01
869.0,9.666000e-01
870.0,9.763500e-01
871.0,9.861000e-01
872.0,9.822500e-01
873.0,9.784000e-01
874.0,9.799000e-01
875.0,9.814000e-01
876.0,9.824500e-01
877.0,9.835000e-01
878.0,9.713000e-01
879.0,9.591000e-01
880.0,9.598000e-01
881.0,9.605000e-01
882.0,9.544500e-01
883.0,9.484000e-01
884.0,9.556500e-01
885.0,9.629000e-01
886.0,9.551500e-01
887.0,9.474000e-01
888.0,9.482000e-01
889.0,9.490000e-01
890.0,9.465500e-01
891.0,9.441000e-01
892.0,9.389500e-01
893.0,9.338000e-01
894.0,9.346500e-01
895.0,9.355000e-01
896.0,9.372500e-01
897.0,9.390000e-01
898.0,9.254000e-01
899.0,9.118000e-01
900.0,9.083000e-01
901.0,9.048000e-01
902.0,9.048500e-01
903.0,9.049000e-01
904.0,8.988000e-01
905.0,8.927000e-01
906.0,8.916500e-01
907.0,8.906000e-01
908.0,8.759500e-01
909.0,8.613000e-01
910.0,8.658000e-01
911.0,8.703000e-01
912.0,8.733000e-01
913.0,8.763000e-01
914.0,8.712500e-01
915.0,8.662000e-01
916.0,8.626500e-01
917.0,8.591000e-01
918.0,8.585500e-01
919.0,8.580000e-01
920.0,8.441000e-01
921.0,8.302000e-01
922.0,8.257500e-01
923.0,8.213000e-01
924.0,8.233000e-01
925.0,8.253000e-01
926.0,8.268500e-01
927.0,8.284000e-01
928.0,8.304500e-01
929.0,8.325000e-01
930.0,8.291500e-01
931.0,8.258000e-01
932.0,8.289000e-01
933.0,8.320000e-01
934.0,8.248500e-01
935.0,8.177000e-01
936.0,8.096500e-01
937.0,8.016000e-01
938.0,8.048000e-01
939.0,8.080000e-01
940.0,8.040000e-01
941.0,8.000000e-01
942.0,7.921000e-01
943.0,7.842000e-01
944.0,7.915000e-01
945.0,7.988000e-01
946.0,7.959000e-01
947.0,7.930000e-01
948.0,7.849000e-01
949.0,7.768000e-01
950.0,7.775000e-01
951.0,7.782000e-01
952.0,7.746000e-01
953.0,7.710000e-01
954.0,7.655000e-01
955.0,7.600000e-01
956.0,7.667500e-01
957.0,7.735000e-01
958.0,7.721000e-01
959.0,7.707000e-01
960.0,7.689000e-01
961.0,7.671000e-01
962.0,7.668500e-01
963.0,7.666000e-01
964.0,7.654500e-01
965.0,7.643000e-01
966.0,7.608500e-01
967.0,7.574000e-01
968.0,7.667000e-01
969.0,7.760000e-01
970.0,7.693500e-01
971.0,7.627000e-01
972.0,7.634500e-01
973.0,7.642000e-01
974.0,7.572500e-01
975.0,7.503000e-01
976.0,7.591000e-01
977.0,7.679000e-01
978.0,7.680500e-01
979.0,7.682000e-01
980.0,7.650000e-01
981.0,7.618000e-01
982.0,7.641500e-01
983.0,7.665000e-01
984.0,7.689000e-01
985.0,7.713000e-01
986.0,7.635500e-01
987.0,7.558000e-01
988.0,7.612000e-01
989.0,7.666000e-01
990.0,7.651000e-01
991.0,7.636000e-01
992.0,7.591000e-01
993.0,7.546000e-01
994.0,7.554500e-01
995.0,7.563000e-01
996.0,7.496500e-01
997.0,7.430000e-01
998.0,7.432000e-01
999.0,7.434000e-01
1000.0,7.438571e-01
1001.0,7.443143e-01
1002.0,7.447714e-01
1003.0,7.441800e-01
1004.0,7.425400e-01
1005.0,7.409000e-01
1006.0,7.392600e-01
1007.0,7.376200e-01
1008.0,7.364800e-01
1009.0,7.358400e-01
1010.0,7.352000e-01
1011.0,7.345600e-01
1012.0,7.339200e-01
1013.0,7.323300e-01
1014.0,7.297900e-01
1015.0,7.272500e-01
1016.0,7.247100e-01
1017.0,7.221700e-01
1018.0,7.191600e-01
1019.0,7.156800e-01
1020.0,7.122000e-01
1021.0,7.087200e-01
1022.0,7.052400e-01
1023.0,7.039300e-01
1024.0,7.047900e-01
1025.0,7.056500e-01
1026.0,7.065100e-01
1027.0,7.073700e-01
1028.0,7.058300e-01
1029.0,7.018900e-01
1030.0,6.979500e-01
1031.0,6.940100e-01
1032.0,6.900700e-01
1033.0,6.884500e-01
1034.0,6.891500e-01
1035.0,6.898500e-01
1036.0,6.905500e-01
1037.0,6.912500e-01
1038.0,6.905400e-01
1039.0,6.884200e-01
1040.0,6.863000e-01
1041.0,6.841800e-01
1042.0,6.820600e-01
1043.0,6.813800e-01
1044.0,6.821400e-01
1045.0,6.829000e-01
1046.0,6.836600e-01
1047.0,6.844200e-01
1048.0,6.823900e-01
1049.0,6.775700e-01
1050.0,6.727500e-01
1051.0,6.679300e-01
1052.0,6.631100e-01
1053.0,6.595900e-01
1054.0,6.573700e-01
1055.0,6.551500e-01
1056.0,6.529300e-01
1057.0,6.507100e-01
1058.0,6.488300e-01
1059.0,6.472900e-01
1060.0,6.457500e-01
1061.0,6.442100e-01
1062.0,6.426700e-01
1063.0,6.420000e-01
1064.0,6.422000e-01
1065.0,6.424000e-01
1066.0,6.426000e-01
1067.0,6.428000e-01
1068.0,6.424100e-01
1069.0,6.414300e-01
1070.0,6.404500e-01
1071.0,6.394700e-01
1072.0,6.384900e-01
1073.0,6.372300e-01
1074.0,6.356900e-01
1075.0,6.341500e-01
1076.0,6.326100e-01
1077.0,6.310700e-01
1078.0,6.293200e-01
1079.0,6.273600e-01
1080.0,6.254000e-01
1081.0,6.234400e-01
1082.0,6.214800e-01
1083.0,6.198200e-01
1084.0,6.184600e-01
1085.0,6.171000e-01
1086.0,6.157400e-01
1087.0,6.143800e-01
1088.0,6.135100e-01
1089.0,6.131300e-01
1090.0,6.127500e-01
1091.0,6.123700e-01
1092.0,6.119900e-01
1093.0,6.105200e-01
1094.0,6.079600e-01
1095.0,6.054000e-01
1096.0,6.028400e-01
1097.0,6.002800e-01
1098.0,5.999200e-01
1099.0,6.017600e-01
1100.0,6.036000e-01
1101.0,6.054400e-01
1102.0,6.072800e-01
1103.0,6.075100e-01
1104.0,6.061300e-01
1105.0,6.047500e-01
1106.0,6.033700e-01
1107.0,6.019900e-01
1108.0,6.014200e-01
1109.0,6.016600e-01
1110.0,6.019000e-01
1111.0,6.021400e-01
1112.0,6.023800e-01
1113.0,6.011200e-01
1114.0,5.983600e-01
1115.0,5.956000e-01
1116.0,5.928400e-01
1117.0,5.900800e-01
1118.0,5.877100e-01
1119.0,5.857300e-01
1120.0,5.837500e-01
1121.0,5.817700e-01
1122.0,5.797900e-01
1123.0,5.778200e-01
1124.0,5.758600e-01
1125.0,5.739000e-01
1126.0,5.719400e-01
1127.0,5.699800e-01
1128.0,5.687100e-01
1129.0,5.681300e-01
1130.0,5.675500e-01
1131.0,5.669700e-01
1132.0,5.663900e-01
1133.0,5.658200e-01
1134.0,5.652600e-01
1135.0,5.647000e-01
1136.0,5.641400e-01
1137.0,5.635800e-01
1138.0,5.627100e-01
1139.0,5.615300e-01
1140.0,5.603500e-01
1141.0,5.591700e-01
1142.0,5.579900e-01
1143.0,5.572200e-01
1144.0,5.568600e-01
1145.0,5.565000e-01
1146.0,5.561400e-01
1147.0,5.557800e-01
1148.0,5.545100e-01
1149.0,5.523300e-01
1150.0,5.501500e-01
1151.0,5.479700e-01
1152.0,5.457900e-01
1153.0,5.456200e-01
1154.0,5.474600e-01
1155.0,5.493000e-01
1156.0,5.511400e-01
1157.0,5.529800e-01
1158.0,5.525100e-01
1159.0,5.497300e-01
1160.0,5.469500e-01
1161.0,5.441700e-01
1162.0,5.413900e-01
1163.0,5.390100e-01
1164.0,5.370300e-01
1165.0,5.350500e-01
1166.0,5.330700e-01
1167.0,5.310900e-01
1168.0,5.304200e-01
1169.0,5.310600e-01
1170.0,5.317000e-01
1171.0,5.323400e-01
1172.0,5.329800e-01
1173.0,5.325100e-01
1174.0,5.309300e-01
1175.0,5.293500e-01
1176.0,5.277700e-01
1177.0,5.261900e-01
1178.0,5.243100e-01
1179.0,5.221300e-01
1180.0,5.199500e-01
1181.0,5.177700e-01
1182.0,5.155900e-01
1183.0,5.142200e-01
1184.0,5.136600e-01
1185.0,5.131000e-01
1186.0,5.125400e-01
1187.0,5.119800e-01
1188.0,5.116600e-01
1189.0,5.115800e-01
1190.0,5.115000e-01
1191.0,5.114200e-01
1192.0,5.113400e-01
1193.0,5.103500e-01
1194.0,5.084500e-01
1195.0,5.065500e-01
1196.0,5.046500e-01
1197.0,5.027500e-01
1198.0,5.012500e-01
1199.0,5.001500e-01
1200.0,4.990500e-01
1201.0,4.979500e-01
1202.0,4.968500e-01
1203.0,4.960600e-01
1204.0,4.955800e-01
1205.0,4.951000e-01
1206.0,4.946200e-01
1207.0,4.941400e-01
1208.0,4.934500e-01
1209.0,4.925500e-01
1210.0,4.916500e-01
1211.0,4.907500e-01
1212.0,4.898500e-01
1213.0,4.904700e-01
1214.0,4.926100e-01
1215.0,4.947500e-01
1216.0,4.968900e-01
1217.0,4.990300e-01
1218.0,4.982300e-01
1219.0,4.944900e-01
1220.0,4.907500e-01
1221.0,4.870100e-01
1222.0,4.832700e-01
1223.0,4.813500e-01
1224.0,4.812500e-01
1225.0,4.811500e-01
1226.0,4.810500e-01
1227.0,4.809500e-01
1228.0,4.811600e-01
1229.0,4.816800e-01
1230.0,4.822000e-01
1231.0,4.827200e-01
1232.0,4.832400e-01
1233.0,4.828700e-01
1234.0,4.816100e-01
1235.0,4.803500e-01
1236.0,4.790900e-01
1237.0,4.778300e-01
1238.0,4.771900e-01
1239.0,4.771700e-01
1240.0,4.771500e-01
1241.0,4.771300e-01
1242.0,4.771100e-01
1243.0,4.759400e-01
1244.0,4.736200e-01
1245.0,4.713000e-01
1246.0,4.689800e-01
1247.0,4.666600e-01
1248.0,4.663200e-01
1249.0,4.679600e-01
1250.0,4.696000e-01
1251.0,4.712400e-01
1252.0,4.728800e-01
1253.0,4.726700e-01
1254.0,4.706100e-01
1255.0,4.685500e-01
1256.0,4.664900e-01
1257.0,4.644300e-01
1258.0,4.614400e-01
1259.0,4.575200e-01
1260.0,4.536000e-01
1261.0,4.496800e-01
1262.0,4.457600e-01
1263.0,4.431800e-01
1264.0,4.419400e-01
1265.0,4.407000e-01
1266.0,4.394600e-01
1267.0,4.382200e-01
1268.0,4.377000e-01
1269.0,4.379000e-01
1270.0,4.381000e-01
1271.0,4.383000e-01
1272.0,4.385000e-01
1273.0,4.400300e-01
1274.0,4.428900e-01
1275.0,4.457500e-01
1276.0,4.486100e-01
1277.0,4.514700e-01
1278.0,4.511500e-01
1279.0,4.476500e-01
1280.0,4.441500e-01
1281.0,4.406500e-01
1282.0,4.371500e-01
1283.0,4.356000e-01
1284.0,4.360000e-01
1285.0,4.364000e-01
1286.0,4.368000e-01
1287.0,4.372000e-01
1288.0,4.379100e-01
1289.0,4.389300e-01
1290.0,4.399500e-01
1291.0,4.409700e-01
1292.0,4.419900e-01
1293.0,4.420800e-01
1294.0,4.412400e-01
1295.0,4.404000e-01
1296.0,4.395600e-01
1297.0,4.387200e-01
1298.0,4.382800e-01
1299.0,4.382400e-01
1300.0,4.382000e-01
1301.0,4.381600e-01
1302.0,4.381200e-01
1303.0,4.371500e-01
1304.0,4.352500e-01
1305.0,4.333500e-01
1306.0,4.314500e-01
1307.0,4.295500e-01
1308.0,4.276400e-01
1309.0,4.257200e-01
1310.0,4.238000e-01
1311.0,4.218800e-01
1312.0,4.199600e-01
1313.0,4.186600e-01
1314.0,4.179800e-01
1315.0,4.173000e-01
1316.0,4.166200e-01
1317.0,4.159400e-01
1318.0,4.156800e-01
1319.0,4.158400e-01
1320.0,4.160000e-01
1321.0,4.161600e-01
1322.0,4.163200e-01
1323.0,4.158600e-01
1324.0,4.147800e-01
1325.0,4.137000e-01
1326.0,4.126200e-01
1327.0,4.115400e-01
1328.0,4.103500e-01
1329.0,4.090500e-01
1330.0,4.077500e-01
1331.0,4.064500e-01
1332.0,4.051500e-01
1333.0,4.040600e-01
1334.0,4.031800e-01
1335.0,4.023000e-01
1336.0,4.014200e-01
1337.0,4.005400e-01
1338.0,3.998700e-01
1339.0,3.994100e-01
1340.0,3.989500e-01
1341.0,3.984900e-01
1342.0,3.980300e-01
1343.0,3.974700e-01
1344.0,3.968100e-01
1345.0,3.961500e-01
1346.0,3.954900e-01
1347.0,3.948300e-01
1348.0,3.937500e-01
1349.0,3.922500e-01
1350.0,3.907500e-01
1351.0,3.892500e-01
1352.0,3.877500e-01
1353.0,3.864700e-01
1354.0,3.854100e-01
1355.0,3.843500e-01
1356.0,3.832900e-01
1357.0,3.822300e-01
1358.0,3.813600e-01
1359.0,3.806800e-01
1360.0,3.800000e-01
1361.0,3.793200e-01
1362.0,3.786400e-01
1363.0,3.774600e-01
1364.0,3.757800e-01
1365.0,3.741000e-01
1366.0,3.724200e-01
1367.0,3.707400e-01
1368.0,3.697700e-01
1369.0,3.695100e-01
1370.0,3.692500e-01
1371.0,3.689900e-01
1372.0,3.687300e-01
1373.0,3.685800e-01
1374.0,3.685400e-01
1375.0,3.685000e-01
1376.0,3.684600e-01
1377.0,3.684200e-01
1378.0,3.679600e-01
1379.0,3.670800e-01
1380.0,3.662000e-01
1381.0,3.653200e-01
1382.0,3.644400e-01
1383.0,3.639800e-01
1384.0,3.639400e-01
1385.0,3.639000e-01
1386.0,3.638600e-01
1387.0,3.638200e-01
1388.0,3.632600e-01
1389.0,3.621800e-01
1390.0,3.611000e-01
1391.0,3.600200e-01
1392.0,3.589400e-01
1393.0,3.582800e-01
1394.0,3.580400e-01
1395.0,3.578000e-01
1396.0,3.575600e-01
1397.0,3.573200e-01
1398.0,3.567600e-01
1399.0,3.558800e-01
1400.0,3.550000e-01
1401.0,3.541200e-01
1402.0,3.532400e-01
1403.0,3.524800e-01
1404.0,3.518400e-01
1405.0,3.512000e-01
1406.0,3.505600e-01
1407.0,3.499200e-01
1408.0,3.492700e-01
1409.0,3.486100e-01
1410.0,3.479500e-01
1411.0,3.472900e-01
1412.0,3.466300e-01
1413.0,3.460700e-01
1414.0,3.456100e-01
1415.0,3.451500e-01
1416.0,3.446900e-01
1417.0,3.442300e-01
1418.0,3.438700e-01
1419.0,3.436100e-01
1420.0,3.433500e-01
1421.0,3.430900e-01
1422.0,3.428300e-01
1423.0,3.431800e-01
1424.0,3.441400e-01
1425.0,3.451000e-01
1426.0,3.460600e-01
1427.0,3.470200e-01
1428.0,3.464700e-01
1429.0,3.444100e-01
1430.0,3.423500e-01
1431.0,3.402900e-01
1432.0,3.382300e-01
1433.0,3.365700e-01
1434.0,3.353100e-01
1435.0,3.340500e-01
1436.0,3.327900e-01
1437.0,3.315300e-01
1438.0,3.304700e-01
1439.0,3.296100e-01
1440.0,3.287500e-01
1441.0,3.278900e-01
1442.0,3.270300e-01
1443.0,3.257800e-01
1444.0,3.241400e-01
1445.0,3.225000e-01
1446.0,3.208600e-01
1447.0,3.192200e-01
1448.0,3.188700e-01
1449.0,3.198100e-01
1450.0,3.207500e-01
1451.0,3.216900e-01
1452.0,3.226300e-01
1453.0,3.214800e-01
1454.0,3.182400e-01
1455.0,3.150000e-01
1456.0,3.117600e-01
1457.0,3.085200e-01
1458.0,3.078700e-01
1459.0,3.098100e-01
1460.0,3.117500e-01
1461.0,3.136900e-01
1462.0,3.156300e-01
1463.0,3.160800e-01
1464.0,3.150400e-01
1465.0,3.140000e-01
1466.0,3.129600e-01
1467.0,3.119200e-01
1468.0,3.113800e-01
1469.0,3.113400e-01
1470.0,3.113000e-01
1471.0,3.112600e-01
1472.0,3.112200e-01
1473.0,3.107700e-01
1474.0,3.099100e-01
1475.0,3.090500e-01
1476.0,3.081900e-01
1477.0,3.073300e-01
1478.0,3.064800e-01
1479.0,3.056400e-01
1480.0,3.048000e-01
1481.0,3.039600e-01
1482.0,3.031200e-01
1483.0,3.022800e-01
1484.0,3.014400e-01
1485.0,3.006000e-01
1486.0,2.997600e-01
1487.0,2.989200e-01
1488.0,2.989800e-01
1489.0,2.999400e-01
1490.0,3.009000e-01
1491.0,3.018600e-01
1492.0,3.028200e-01
1493.0,3.029700e-01
1494.0,3.023100e-01
1495.0,3.016500e-01
1496.0,3.009900e-01
1497.0,3.003300e-01
1498.0,2.995800e-01
1499.0,2.987400e-01
1500.0,2.979000e-01
1501.0,2.970600e-01
1502.0,2.962200e-01
1503.0,2.956800e-01
1504.0,2.954400e-01
1505.0,2.952000e-01
1506.0,2.949600e-01
1507.0,2.947200e-01
1508.0,2.941800e-01
1509.0,2.933400e-01
1510.0,2.925000e-01
1511.0,2.916600e-01
1512.0,2.908200e-01
1513.0,2.903800e-01
1514.0,2.903400e-01
1515.0,2.903000e-01
1516.0,2.902600e-01
1517.0,2.902200e-01
1518.0,2.897800e-01
1519.0,2.889400e-01
1520.0,2.881000e-01
1521.0,2.872600e-01
1522.0,2.864200e-01
1523.0,2.863700e-01
1524.0,2.871100e-01
1525.0,2.878500e-01
1526.0,2.885900e-01
1527.0,2.893300e-01
1528.0,2.888900e-01
1529.0,2.872700e-01
1530.0,2.856500e-01
1531.0,2.840300e-01
1532.0,2.824100e-01
1533.0,2.808900e-01
1534.0,2.794700e-01
1535.0,2.780500e-01
1536.0,2.766300e-01
1537.0,2.752100e-01
1538.0,2.745700e-01
1539.0,2.747100e-01
1540.0,2.748500e-01
1541.0,2.749900e-01
1542.0,2.751300e-01
1543.0,2.750800e-01
1544.0,2.748400e-01
1545.0,2.746000e-01
1546.0,2.743600e-01
1547.0,2.741200e-01
1548.0,2.738800e-01
1549.0,2.736400e-01
1550.0,2.734000e-01
1551.0,2.731600e-01
1552.0,2.729200e-01
1553.0,2.726800e-01
1554.0,2.724400e-01
1555.0,2.722000e-01
1556.0,2.719600e-01
1557.0,2.717200e-01
1558.0,2.713900e-01
1559.0,2.709700e-01
1560.0,2.705500e-01
1561.0,2.701300e-01
1562.0,2.697100e-01
1563.0,2.688800e-01
1564.0,2.676400e-01
1565.0,2.664000e-01
1566.0,2.651600e-01
1567.0,2.639200e-01
1568.0,2.629900e-01
1569.0,2.623700e-01
1570.0,2.617500e-01
1571.0,2.611300e-01
1572.0,2.605100e-01
1573.0,2.600800e-01
1574.0,2.598400e-01
1575.0,2.596000e-01
1576.0,2.593600e-01
1577.0,2.591200e-01
1578.0,2.585900e-01
1579.0,2.577700e-01
1580.0,2.569500e-01
1581.0,2.561300e-01
1582.0,2.553100e-01
1583.0,2.545800e-01
1584.0,2.539400e-01
1585.0,2.533000e-01
1586.0,2.526600e-01
1587.0,2.520200e-01
1588.0,2.510900e-01
1589.0,2.498700e-01
1590.0,2.486500e-01
1591.0,2.474300e-01
1592.0,2.462100e-01
1593.0,2.456800e-01
1594.0,2.458400e-01
1595.0,2.460000e-01
1596.0,2.461600e-01
1597.0,2.463200e-01
1598.0,2.464900e-01
1599.0,2.466700e-01
1600.0,2.468500e-01
1601.0,2.470300e-01
1602.0,2.472100e-01
1603.0,2.468100e-01
1604.0,2.458300e-01
1605.0,2.448500e-01
1606.0,2.438700e-01
1607.0,2.428900e-01
1608.0,2.426000e-01
1609.0,2.430000e-01
1610.0,2.434000e-01
1611.0,2.438000e-01
1612.0,2.442000e-01
1613.0,2.443000e-01
1614.0,2.441000e-01
1615.0,2.439000e-01
1616.0,2.437000e-01
1617.0,2.435000e-01
1618.0,2.431000e-01
1619.0,2.425000e-01
1620.0,2.419000e-01
1621.0,2.413000e-01
1622.0,2.407000e-01
1623.0,2.407900e-01
1624.0,2.415700e-01
1625.0,2.423500e-01
1626.0,2.431300e-01
1627.0,2.439100e-01
1628.0,2.440100e-01
1629.0,2.434300e-01
1630.0,2.428500e-01
1631.0,2.422700e-01
1632.0,2.416900e-01
1633.0,2.410100e-01
1634.0,2.402300e-01
1635.0,2.394500e-01
1636.0,2.386700e-01
1637.0,2.378900e-01
1638.0,2.371100e-01
1639.0,2.363300e-01
1640.0,2.355500e-01
1641.0,2.347700e-01
1642.0,2.339900e-01
1643.0,2.336900e-01
1644.0,2.338700e-01
1645.0,2.340500e-01
1646.0,2.342300e-01
1647.0,2.344100e-01
1648.0,2.344000e-01
1649.0,2.342000e-01
1650.0,2.340000e-01
1651.0,2.338000e-01
1652.0,2.336000e-01
1653.0,2.335000e-01
1654.0,2.335000e-01
1655.0,2.335000e-01
1656.0,2.335000e-01
1657.0,2.335000e-01
1658.0,2.334100e-01
1659.0,2.332300e-01
1660.0,2.330500e-01
1661.0,2.328700e-01
1662.0,2.326900e-01
1663.0,2.322000e-01
1664.0,2.314000e-01
1665.0,2.306000e-01
1666.0,2.298000e-01
1667.0,2.290000e-01
1668.0,2.285000e-01
1669.0,2.283000e-01
1670.0,2.281000e-01
1671.0,2.279000e-01
1672.0,2.277000e-01
1673.0,2.268200e-01
1674.0,2.252600e-01
1675.0,2.237000e-01
1676.0,2.221400e-01
1677.0,2.205800e-01
1678.0,2.199000e-01
1679.0,2.201000e-01
1680.0,2.203000e-01
1681.0,2.205000e-01
1682.0,2.207000e-01
1683.0,2.206000e-01
1684.0,2.202000e-01
1685.0,2.198000e-01
1686.0,2.194000e-01
1687.0,2.190000e-01
1688.0,2.188000e-01
1689.0,2.188000e-01
1690.0,2.188000e-01
1691.0,2.188000e-01
1692.0,2.188000e-01
1693.0,2.183100e-01
1694.0,2.173300e-01
1695.0,2.163500e-01
1696.0,2.153700e-01
1697.0,2.143900e-01
1698.0,2.141900e-01
1699.0,2.147700e-01
1700.0,2.153500e-01
1701.0,2.159300e-01
1702.0,2.165100e-01
1703.0,2.163100e-01
1704.0,2.153300e-01
1705.0,2.143500e-01
1706.0,2.133700e-01
1707.0,2.123900e-01
1708.0,2.110200e-01
1709.0,2.092600e-01
1710.0,2.075000e-01
1711.0,2.057400e-01
1712.0,2.039800e-01
1713.0,2.039800e-01
1714.0,2.057400e-01
1715.0,2.075000e-01
1716.0,2.092600e-01
1717.0,2.110200e-01
1718.0,2.112100e-01
1719.0,2.098300e-01
1720.0,2.084500e-01
1721.0,2.070700e-01
1722.0,2.056900e-01
1723.0,2.041200e-01
1724.0,2.023600e-01
1725.0,2.006000e-01
1726.0,1.988400e-01
1727.0,1.970800e-01
1728.0,1.956100e-01
1729.0,1.944300e-01
1730.0,1.932500e-01
1731.0,1.920700e-01
1732.0,1.908900e-01
1733.0,1.902000e-01
1734.0,1.900000e-01
1735.0,1.898000e-01
1736.0,1.896000e-01
1737.0,1.894000e-01
1738.0,1.895000e-01
1739.0,1.899000e-01
1740.0,1.903000e-01
1741.0,1.907000e-01
1742.0,1.911000e-01
1743.0,1.907100e-01
1744.0,1.895300e-01
1745.0,1.883500e-01
1746.0,1.871700e-01
1747.0,1.859900e-01
1748.0,1.856000e-01
1749.0,1.860000e-01
1750.0,1.864000e-01
1751.0,1.868000e-01
1752.0,1.872000e-01
1753.0,1.875900e-01
1754.0,1.879700e-01
1755.0,1.883500e-01
1756.0,1.887300e-01
1757.0,1.891100e-01
1758.0,1.888100e-01
1759.0,1.878300e-01
1760.0,1.868500e-01
1761.0,1.858700e-01
1762.0,1.848900e-01
1763.0,1.842100e-01
1764.0,1.838300e-01
1765.0,1.834500e-01
1766.0,1.830700e-01
1767.0,1.826900e-01
1768.0,1.819100e-01
1769.0,1.807300e-01
1770.0,1.795500e-01
1771.0,1.783700e-01
1772.0,1.771900e-01
1773.0,1.762000e-01
1774.0,1.754000e-01
1775.0,1.746000e-01
1776.0,1.738000e-01
1777.0,1.730000e-01
1778.0,1.724100e-01
1779.0,1.720300e-01
1780.0,1.716500e-01
1781.0,1.712700e-01
1782.0,1.708900e-01
1783.0,1.706000e-01
1784.0,1.704000e-01
1785.0,1.702000e-01
1786.0,1.700000e-01
1787.0,1.698000e-01
1788.0,1.696000e-01
1789.0,1.694000e-01
1790.0,1.692000e-01
1791.0,1.690000e-01
1792.0,1.688000e-01
1793.0,1.690900e-01
1794.0,1.698700e-01
1795.0,1.706500e-01
1796.0,1.714300e-01
1797.0,1.722100e-01
1798.0,1.722100e-01
1799.0,1.714300e-01
1800.0,1.706500e-01
1801.0,1.698700e-01
1802.0,1.690900e-01
1803.0,1.686000e-01
1804.0,1.684000e-01
1805.0,1.682000e-01
1806.0,1.680000e-01
1807.0,1.678000e-01
1808.0,1.669200e-01
1809.0,1.653600e-01
1810.0,1.638000e-01
1811.0,1.622400e-01
1812.0,1.606800e-01
1813.0,1.599000e-01
1814.0,1.599000e-01
1815.0,1.599000e-01
1816.0,1.599000e-01
1817.0,1.599000e-01
1818.0,1.598000e-01
1819.0,1.596000e-01
1820.0,1.594000e-01
1821.0,1.592000e-01
1822.0,1.590000e-01
1823.0,1.586000e-01
1824.0,1.580000e-01
1825.0,1.574000e-01
1826.0,1.568000e-01
1827.0,1.562000e-01
1828.0,1.559000e-01
1829.0,1.559000e-01
1830.0,1.559000e-01
1831.0,1.559000e-01
1832.0,1.559000e-01
1833.0,1.553100e-01
1834.0,1.541300e-01
1835.0,1.529500e-01
1836.0,1.517700e-01
1837.0,1.505900e-01
1838.0,1.503000e-01
1839.0,1.509000e-01
1840.0,1.515000e-01
1841.0,1.521000e-01
1842.0,1.527000e-01
1843.0,1.528000e-01
1844.0,1.524000e-01
1845.0,1.520000e-01
1846.0,1.516000e-01
1847.0,1.512000e-01
1848.0,1.507100e-01
1849.0,1.501300e-01
1850.0,1.495500e-01
1851.0,1.489700e-01
1852.0,1.483900e-01
1853.0,1.478000e-01
1854.0,1.472000e-01
1855.0,1.466000e-01
1856.0,1.460000e-01
1857.0,1.454000e-01
1858.0,1.449100e-01
1859.0,1.445300e-01
1860.0,1.441500e-01
1861.0,1.437700e-01
1862.0,1.433900e-01
1863.0,1.432000e-01
1864.0,1.432000e-01
1865.0,1.432000e-01
1866.0,1.432000e-01
1867.0,1.432000e-01
1868.0,1.424100e-01
1869.0,1.408300e-01
1870.0,1.392500e-01
1871.0,1.376700e-01
1872.0,1.360900e-01
1873.0,1.353000e-01
1874.0,1.353000e-01
1875.0,1.353000e-01
1876.0,1.353000e-01
1877.0,1.353000e-01
1878.0,1.357900e-01
1879.0,1.367700e-01
1880.0,1.377500e-01
1881.0,1.387300e-01
1882.0,1.397100e-01
1883.0,1.400100e-01
1884.0,1.396300e-01
1885.0,1.392500e-01
1886.0,1.388700e-01
1887.0,1.384900e-01
1888.0,1.382000e-01
1889.0,1.380000e-01
1890.0,1.378000e-01
1891.0,1.376000e-01
1892.0,1.374000e-01
1893.0,1.374000e-01
1894.0,1.376000e-01
1895.0,1.378000e-01
1896.0,1.380000e-01
1897.0,1.382000e-01
1898.0,1.378100e-01
1899.0,1.368300e-01
1900.0,1.358500e-01
1901.0,1.348700e-01
1902.0,1.338900e-01
1903.0,1.336900e-01
1904.0,1.342700e-01
1905.0,1.348500e-01
1906.0,1.354300e-01
1907.0,1.360100e-01
1908.0,1.365000e-01
1909.0,1.369000e-01
1910.0,1.373000e-01
1911.0,1.377000e-01
1912.0,1.381000e-01
1913.0,1.381000e-01
1914.0,1.377000e-01
1915.0,1.373000e-01
1916.0,1.369000e-01
1917.0,1.365000e-01
1918.0,1.361000e-01
1919.0,1.357000e-01
1920.0,1.353000e-01
1921.0,1.349000e-01
1922.0,1.345000e-01
1923.0,1.341100e-01
1924.0,1.337300e-01
1925.0,1.333500e-01
1926.0,1.329700e-01
1927.0,1.325900e-01
1928.0,1.324000e-01
1929.0,1.324000e-01
1930.0,1.324000e-01
1931.0,1.324000e-01
1932.0,1.324000e-01
1933.0,1.323000e-01
1934.0,1.321000e-01
1935.0,1.319000e-01
1936.0,1.317000e-01
1937.0,1.315000e-01
1938.0,1.312000e-01
1939.0,1.308000e-01
1940.0,1.304000e-01
1941.0,1.300000e-01
1942.0,1.296000e-01
1943.0,1.292100e-01
1944.0,1.288300e-01
1945.0,1.284500e-01
1946.0,1.280700e-01
1947.0,1.276900e-01
1948.0,1.274000e-01
1949.0,1.272000e-01
1950.0,1.270000e-01
1951.0,1.268000e-01
1952.0,1.266000e-01
1953.0,1.260100e-01
1954.0,1.250300e-01
1955.0,1.240500e-01
1956.0,1.230700e-01
1957.0,1.220900e-01
1958.0,1.219900e-01
1959.0,1.227700e-01
1960.0,1.235500e-01
1961.0,1.243300e-01
1962.0,1.251100e-01
1963.0,1.255000e-01
1964.0,1.255000e-01
1965.0,1.255000e-01
1966.0,1.255000e-01
1967.0,1.255000e-01
1968.0,1.254000e-01
1969.0,1.252000e-01
1970.0,1.250000e-01
1971.0,1.248000e-01
1972.0,1.246000e-01
1973.0,1.249900e-01
1974.0,1.259700e-01
1975.0,1.269500e-01
1976.0,1.279300e-01
1977.0,1.289100e-01
1978.0,1.289100e-01
1979.0,1.279300e-01
1980.0,1.269500e-01
1981.0,1.259700e-01
1982.0,1.249900e-01
1983.0,1.243000e-01
1984.0,1.239000e-01
1985.0,1.235000e-01
1986.0,1.231000e-01
1987.0,1.227000e-01
1988.0,1.223100e-01
1989.0,1.219300e-01
1990.0,1.215500e-01
1991.0,1.211700e-01
1992.0,1.207900e-01
1993.0,1.207900e-01
1994.0,1.211700e-01
1995.0,1.215500e-01
1996.0,1.219300e-01
1997.0,1.223100e-01
1998.0,1.218200e-01
1999.0,1.204600e-01
2000.0,1.191000e-01
2001.0,1.177400e-01
2002.0,1.163800e-01
2003.0,1.151100e-01
2004.0,1.139300e-01
2005.0,1.127500e-01
2006.0,1.115700e-01
2007.0,1.103900e-01
2008.0,1.101900e-01
2009.0,1.109700e-01
2010.0,1.117500e-01
2011.0,1.125300e-01
2012.0,1.133100e-01
2013.0,1.135100e-01
2014.0,1.131300e-01
2015.0,1.127500e-01
2016.0,1.123700e-01
2017.0,1.119900e-01
2018.0,1.118900e-01
2019.0,1.120700e-01
2020.0,1.122500e-01
2021.0,1.124300e-01
2022.0,1.126100e-01
2023.0,1.127000e-01
2024.0,1.127000e-01
2025.0,1.127000e-01
2026.0,1.127000e-01
2027.0,1.127000e-01
2028.0,1.124100e-01
2029.0,1.118300e-01
2030.0,1.112500e-01
2031.0,1.106700e-01
2032.0,1.100900e-01
2033.0,1.095000e-01
2034.0,1.089000e-01
2035.0,1.083000e-01
2036.0,1.077000e-01
2037.0,1.071000e-01
2038.0,1.068000e-01
2039.0,1.068000e-01
2040.0,1.068000e-01
2041.0,1.068000e-01
2042.0,1.068000e-01
2043.0,1.069000e-01
2044.0,1.071000e-01
2045.0,1.073000e-01
2046.0,1.075000e-01
2047.0,1.077000e-01
2048.0,1.074100e-01
2049.0,1.066300e-01
2050.0,1.058500e-01
2051.0,1.050700e-01
2052.0,1.042900e-01
2053.0,1.037000e-01
2054.0,1.033000e-01
2055.0,1.029000e-01
2056.0,1.025000e-01
2057.0,1.021000e-01
2058.0,1.017080e-01
2059.0,1.013240e-01
2060.0,1.009400e-01
2061.0,1.005560e-01
2062.0,1.001720e-01
2063.0,9.949000e-02
2064.0,9.851000e-02
2065.0,9.753000e-02
2066.0,9.655000e-02
2067.0,9.557000e-02
2068.0,9.547100e-02
2069.0,9.625300e-02
2070.0,9.703500e-02
2071.0,9.781700e-02
2072.0,9.859900e-02
2073.0,9.919100e-02
2074.0,9.959300e-02
2075.0,9.999500e-02
2076.0,1.003970e-01
2077.0,1.007990e-01
2078.0,1.006030e-01
2079.0,9.980900e-02
2080.0,9.901500e-02
2081.0,9.822100e-02
2082.0,9.742700e-02
2083.0,9.693300e-02
2084.0,9.673900e-02
2085.0,9.654500e-02
2086.0,9.635100e-02
2087.0,9.615700e-02
2088.0,9.625400e-02
2089.0,9.664200e-02
2090.0,9.703000e-02
2091.0,9.741800e-02
2092.0,9.780600e-02
2093.0,9.731400e-02
2094.0,9.594200e-02
2095.0,9.457000e-02
2096.0,9.319800e-02
2097.0,9.182600e-02
2098.0,9.133600e-02
2099.0,9.172800e-02
2100.0,9.212000e-02
2101.0,9.251200e-02
2102.0,9.290400e-02
2103.0,9.310000e-02
2104.0,9.310000e-02
2105.0,9.310000e-02
2106.0,9.310000e-02
2107.0,9.310000e-02
2108.0,9.251300e-02
2109.0,9.133900e-02
2110.0,9.016500e-02
2111.0,8.899100e-02
2112.0,8.781700e-02
2113.0,8.752300e-02
2114.0,8.810900e-02
2115.0,8.869500e-02
2116.0,8.928100e-02
2117.0,8.986700e-02
2118.0,8.986600e-02
2119.0,8.927800e-02
2120.0,8.869000e-02
2121.0,8.810200e-02
2122.0,8.751400e-02
2123.0,8.722000e-02
2124.0,8.722000e-02
2125.0,8.722000e-02
2126.0,8.722000e-02
2127.0,8.722000e-02
2128.0,8.722000e-02
2129.0,8.722000e-02
2130.0,8.722000e-02
2131.0,8.722000e-02
2132.0,8.722000e-02
2133.0,8.702300e-02
2134.0,8.662900e-02
2135.0,8.623500e-02
2136.0,8.584100e-02
2137.0,8.544700e-02
2138.0,8.574000e-02
2139.0,8.672000e-02
2140.0,8.770000e-02
2141.0,8.868000e-02
2142.0,8.966000e-02
2143.0,8.936500e-02
2144.0,8.779500e-02
2145.0,8.622500e-02
2146.0,8.465500e-02
2147.0,8.308500e-02
2148.0,8.220300e-02
2149.0,8.200900e-02
2150.0,8.181500e-02
2151.0,8.162100e-02
2152.0,8.142700e-02
2153.0,8.113400e-02
2154.0,8.074200e-02
2155.0,8.035000e-02
2156.0,7.995800e-02
2157.0,7.956600e-02
2158.0,7.966200e-02
2159.0,8.024600e-02
2160.0,8.083000e-02
2161.0,8.141400e-02
2162.0,8.199800e-02
2163.0,8.209700e-02
2164.0,8.171100e-02
2165.0,8.132500e-02
2166.0,8.093900e-02
2167.0,8.055300e-02
2168.0,8.055300e-02
2169.0,8.093900e-02
2170.0,8.132500e-02
2171.0,8.171100e-02
2172.0,8.209700e-02
2173.0,8.180100e-02
2174.0,8.082300e-02
2175.0,7.984500e-02
2176.0,7.886700e-02
2177.0,7.788900e-02
2178.0,7.720400e-02
2179.0,7.681200e-02
2180.0,7.642000e-02
2181.0,7.602800e-02
2182.0,7.563600e-02
2183.0,7.465700e-02
2184.0,7.309100e-02
2185.0,7.152500e-02
2186.0,6.995900e-02
2187.0,6.839300e-02
2188.0,6.809900e-02
2189.0,6.907700e-02
2190.0,7.005500e-02
2191.0,7.103300e-02
2192.0,7.201100e-02
2193.0,7.259800e-02
2194.0,7.279400e-02
2195.0,7.299000e-02
2196.0,7.318600e-02
2197.0,7.338200e-02
2198.0,7.436000e-02
2199.0,7.612000e-02
2200.0,7.788000e-02
2201.0,7.964000e-02
2202.0,8.140000e-02
2203.0,8.159600e-02
2204.0,8.022800e-02
2205.0,7.886000e-02
2206.0,7.749200e-02
2207.0,7.612400e-02
2208.0,7.544000e-02
2209.0,7.544000e-02
2210.0,7.544000e-02
2211.0,7.544000e-02
2212.0,7.544000e-02
2213.0,7.514600e-02
2214.0,7.455800e-02
2215.0,7.397000e-02
2216.0,7.338200e-02
2217.0,7.279400e-02
2218.0,7.298900e-02
2219.0,7.396700e-02
2220.0,7.494500e-02
2221.0,7.592300e-02
2222.0,7.690100e-02
2223.0,7.719500e-02
2224.0,7.680500e-02
2225.0,7.641500e-02
2226.0,7.602500e-02
2227.0,7.563500e-02
2228.0,7.543900e-02
2229.0,7.543700e-02
2230.0,7.543500e-02
2231.0,7.543300e-02
2232.0,7.543100e-02
2233.0,7.435300e-02
2234.0,7.219900e-02
2235.0,7.004500e-02
2236.0,6.789100e-02
2237.0,6.573700e-02
2238.0,6.417000e-02
2239.0,6.319000e-02
2240.0,6.221000e-02
2241.0,6.123000e-02
2242.0,6.025000e-02
2243.0,6.093600e-02
2244.0,6.328800e-02
2245.0,6.564000e-02
2246.0,6.799200e-02
2247.0,7.034400e-02
2248.0,7.191100e-02
2249.0,7.269300e-02
2250.0,7.347500e-02
2251.0,7.425700e-02
2252.0,7.503900e-02
2253.0,7.543000e-02
2254.0,7.543000e-02
2255.0,7.543000e-02
2256.0,7.543000e-02
2257.0,7.543000e-02
2258.0,7.494000e-02
2259.0,7.396000e-02
2260.0,7.298000e-02
2261.0,7.200000e-02
2262.0,7.102000e-02
2263.0,7.062800e-02
2264.0,7.082400e-02
2265.0,7.102000e-02
2266.0,7.121600e-02
2267.0,7.141200e-02
2268.0,7.082400e-02
2269.0,6.945200e-02
2270.0,6.808000e-02
2271.0,6.670800e-02
2272.0,6.533600e-02
2273.0,6.455100e-02
2274.0,6.435300e-02
2275.0,6.415500e-02
2276.0,6.395700e-02
2277.0,6.375900e-02
2278.0,6.415000e-02
2279.0,6.513000e-02
2280.0,6.611000e-02
2281.0,6.709000e-02
2282.0,6.807000e-02
2283.0,6.826700e-02
2284.0,6.768100e-02
2285.0,6.709500e-02
2286.0,6.650900e-02
2287.0,6.592300e-02
2288.0,6.563000e-02
2289.0,6.563000e-02
2290.0,6.563000e-02
2291.0,6.563000e-02
2292.0,6.563000e-02
2293.0,6.553100e-02
2294.0,6.533300e-02
2295.0,6.513500e-02
2296.0,6.493700e-02
2297.0,6.473900e-02
2298.0,6.473900e-02
2299.0,6.493700e-02
2300.0,6.513500e-02
2301.0,6.533300e-02
2302.0,6.553100e-02
2303.0,6.533500e-02
2304.0,6.474500e-02
2305.0,6.415500e-02
2306.0,6.356500e-02
2307.0,6.297500e-02
2308.0,6.258200e-02
2309.0,6.238600e-02
2310.0,6.219000e-02
2311.0,6.199400e-02
2312.0,6.179800e-02
2313.0,6.130900e-02
2314.0,6.052700e-02
2315.0,5.974500e-02
2316.0,5.896300e-02
2317.0,5.818100e-02
2318.0,5.730000e-02
2319.0,5.632000e-02
2320.0,5.534000e-02
2321.0,5.436000e-02
2322.0,5.338000e-02
2323.0,5.308600e-02
2324.0,5.347800e-02
2325.0,5.387000e-02
2326.0,5.426200e-02
2327.0,5.465400e-02
2328.0,5.485000e-02
2329.0,5.485000e-02
2330.0,5.485000e-02
2331.0,5.485000e-02
2332.0,5.485000e-02
2333.0,5.524100e-02
2334.0,5.602300e-02
2335.0,5.680500e-02
2336.0,5.758700e-02
2337.0,5.836900e-02
2338.0,5.866200e-02
2339.0,5.846600e-02
2340.0,5.827000e-02
2341.0,5.807400e-02
2342.0,5.787800e-02
2343.0,5.797600e-02
2344.0,5.836800e-02
2345.0,5.876000e-02
2346.0,5.915200e-02
2347.0,5.954400e-02
2348.0,5.983700e-02
2349.0,6.003100e-02
2350.0,6.022500e-02
2351.0,6.041900e-02
2352.0,6.061300e-02
2353.0,6.090600e-02
2354.0,6.129800e-02
2355.0,6.169000e-02
2356.0,6.208200e-02
2357.0,6.247400e-02
2358.0,6.286600e-02
2359.0,6.325800e-02
2360.0,6.365000e-02
2361.0,6.404200e-02
2362.0,6.443400e-02
2363.0,6.423800e-02
2364.0,6.345400e-02
2365.0,6.267000e-02
2366.0,6.188600e-02
2367.0,6.110200e-02
2368.0,6.071000e-02
2369.0,6.071000e-02
2370.0,6.071000e-02
2371.0,6.071000e-02
2372.0,6.071000e-02
2373.0,6.032000e-02
2374.0,5.954000e-02
2375.0,5.876000e-02
2376.0,5.798000e-02
2377.0,5.720000e-02
2378.0,5.661300e-02
2379.0,5.621900e-02
2380.0,5.582500e-02
2381.0,5.543100e-02
2382.0,5.503700e-02
2383.0,5.532900e-02
2384.0,5.630700e-02
2385.0,5.728500e-02
2386.0,5.826300e-02
2387.0,5.924100e-02
2388.0,5.963200e-02
2389.0,5.943600e-02
2390.0,5.924000e-02
2391.0,5.904400e-02
2392.0,5.884800e-02
2393.0,5.865300e-02
2394.0,5.845900e-02
2395.0,5.826500e-02
2396.0,5.807100e-02
2397.0,5.787700e-02
2398.0,5.738700e-02
2399.0,5.660100e-02
2400.0,5.581500e-02
2401.0,5.502900e-02
2402.0,5.424300e-02
2403.0,5.394800e-02
2404.0,5.414400e-02
2405.0,5.434000e-02
2406.0,5.453600e-02
2407.0,5.473200e-02
2408.0,5.492900e-02
2409.0,5.512700e-02
2410.0,5.532500e-02
2411.0,5.552300e-02
2412.0,5.572100e-02
2413.0,5.552600e-02
2414.0,5.493800e-02
2415.0,5.435000e-02
2416.0,5.376200e-02
2417.0,5.317400e-02
2418.0,5.327200e-02
2419.0,5.405600e-02
2420.0,5.484000e-02
2421.0,5.562400e-02
2422.0,5.640800e-02
2423.0,5.650500e-02
2424.0,5.591500e-02
2425.0,5.532500e-02
2426.0,5.473500e-02
2427.0,5.414500e-02
2428.0,5.424200e-02
2429.0,5.502600e-02
2430.0,5.581000e-02
2431.0,5.659400e-02
2432.0,5.737800e-02
2433.0,5.737800e-02
2434.0,5.659400e-02
2435.0,5.581000e-02
2436.0,5.502600e-02
2437.0,5.424200e-02
2438.0,5.355700e-02
2439.0,5.297100e-02
2440.0,5.238500e-02
2441.0,5.179900e-02
2442.0,5.121300e-02
2443.0,5.072300e-02
2444.0,5.032900e-02
2445.0,4.993500e-02
2446.0,4.954100e-02
2447.0,4.914700e-02
2448.0,4.904800e-02
2449.0,4.924400e-02
2450.0,4.944000e-02
2451.0,4.963600e-02
2452.0,4.983200e-02
2453.0,5.002900e-02
2454.0,5.022700e-02
2455.0,5.042500e-02
2456.0,5.062300e-02
2457.0,5.082100e-02
2458.0,5.062500e-02
2459.0,5.003500e-02
2460.0,4.944500e-02
2461.0,4.885500e-02
2462.0,4.826500e-02
2463.0,4.846000e-02
2464.0,4.944000e-02
2465.0,5.042000e-02
2466.0,5.140000e-02
2467.0,5.238000e-02
2468.0,5.238000e-02
2469.0,5.140000e-02
2470.0,5.042000e-02
2471.0,4.944000e-02
2472.0,4.846000e-02
2473.0,4.846000e-02
2474.0,4.944000e-02
2475.0,5.042000e-02
2476.0,5.140000e-02
2477.0,5.238000e-02
2478.0,5.257600e-02
2479.0,5.198800e-02
2480.0,5.140000e-02
2481.0,5.081200e-02
2482.0,5.022400e-02
2483.0,4.963600e-02
2484.0,4.904800e-02
2485.0,4.846000e-02
2486.0,4.787200e-02
2487.0,4.728400e-02
2488.0,4.767500e-02
2489.0,4.904500e-02
2490.0,5.041500e-02
2491.0,5.178500e-02
2492.0,5.315500e-02
2493.0,5.305800e-02
2494.0,5.149400e-02
2495.0,4.993000e-02
2496.0,4.836600e-02
2497.0,4.680200e-02
2498.0,4.624300e-02
2499.0,4.668900e-02
2500.0,4.713500e-02
